URL,Title,Phone Number,Location,Rate,Original Description,AI Description,Bedrooms,Bathrooms,Toilets,Parking Spaces,Square Meters,Type,Image URLs
https://nigeriapropertycentre.com/for-rent/houses/lagos/lekki/2675523-luxury-4bedroom-detached-duplex-with-private-swimming-pool,4 bedroom house for rent, 07040472728," Oral Estate Extension, Lekki, Lagos","₦3,500,000
per month","This is a lovely 4bedroom detached duplex with private Swimming pool available for monthly lease

Comes with:
24hrs electricity
Super fast Internet speed
Daily clean
Wine bar area
Smart TVs
Fully Fitted Kitchen
Air conditioning

Rent:3.5m monthly
Agency:350k
Agreement:200k
Caution:1m","<h1>Luxury 4-Bedroom Detached Duplex with Private Pool – Monthly Lease Available</h1>

<p>Experience opulent living in this stunning 4-bedroom detached duplex, perfect for discerning tenants seeking a luxurious monthly rental.  Boasting a private swimming pool and an array of premium amenities, this property offers unparalleled comfort and convenience.</p>

<h2>Exceptional Features and Amenities:</h2>

<ul>
  <li><strong>Spacious 4-Bedroom Layout:</strong> Enjoy ample space and privacy with four generously sized bedrooms, ideal for families or individuals seeking a comfortable living environment.</li>
  <li><strong>Private Swimming Pool:</strong> Take a refreshing dip anytime in your own private pool, perfect for relaxation and entertainment.</li>
  <li><strong>24/7 Electricity:</strong>  Uninterrupted power supply ensures seamless operation of all appliances and a comfortable living experience.</li>
  <li><strong>High-Speed Internet:</strong> Stay connected with super-fast internet access, ideal for work, leisure, and streaming.</li>
  <li><strong>Daily Cleaning Service:</strong>  Enjoy the convenience of a daily cleaning service, allowing you to focus on what matters most.</li>
  <li><strong>Dedicated Wine Bar Area:</strong>  Unwind and entertain guests in your stylish wine bar area, perfect for creating a sophisticated atmosphere.</li>
  <li><strong>Smart TVs:</strong>  Experience the latest in entertainment with multiple smart TVs throughout the property.</li>
  <li><strong>Fully Fitted Kitchen:</strong>  Prepare delicious meals in a fully equipped, modern kitchen with all the necessary appliances.</li>
  <li><strong>Air Conditioning:</strong>  Stay comfortable year-round with efficient air conditioning throughout the property.</li>
</ul>

<h2>Rental Details:</h2>

<ul>
  <li><strong>Monthly Rent:</strong> ₦3,500,000</li>
  <li><strong>Agency Fee:</strong> ₦350,000</li>
  <li><strong>Agreement Fee:</strong> ₦200,000</li>
  <li><strong>Caution Fee:</strong> ₦1,000,000</li>
</ul>

<p><strong>Contact us today to schedule a viewing and experience the epitome of luxury living!</strong></p>

<p><em>Note:  All prices are in Nigerian Naira (₦).</em></p>
",4,4,5,none,none,none,https://images.nigeriapropertycentre.com/properties/images/2675523/067903ec3bb5f6-luxury-4bedroom-detached-duplex-with-private-swimming-pool-for-rent-lekki-lagos.jpg | https://images.nigeriapropertycentre.com/properties/images/2675523/067903e9e33c0a-luxury-4bedroom-detached-duplex-with-private-swimming-pool-for-rent-lekki-lagos.jpg | https://images.nigeriapropertycentre.com/properties/images/2675523/067903ea07bb4f-luxury-4bedroom-detached-duplex-with-private-swimming-pool-for-rent-lekki-lagos.jpg | https://images.nigeriapropertycentre.com/properties/images/2675523/067903ea42fb7c-luxury-4bedroom-detached-duplex-with-private-swimming-pool-for-rent-lekki-lagos.jpg | https://images.nigeriapropertycentre.com/properties/images/2675523/067903ea71fd92-luxury-4bedroom-detached-duplex-with-private-swimming-pool-for-rent-lekki-lagos.jpg | https://images.nigeriapropertycentre.com/properties/images/2675523/067903eaa60e27-luxury-4bedroom-detached-duplex-with-private-swimming-pool-for-rent-lekki-lagos.jpg | https://images.nigeriapropertycentre.com/properties/images/2675523/067903eacbbe38-luxury-4bedroom-detached-duplex-with-private-swimming-pool-for-rent-lekki-lagos.jpg | https://images.nigeriapropertycentre.com/properties/images/2675523/067903eafacdef-luxury-4bedroom-detached-duplex-with-private-swimming-pool-for-rent-lekki-lagos.jpg | https://images.nigeriapropertycentre.com/properties/images/2675523/067903eb239570-luxury-4bedroom-detached-duplex-with-private-swimming-pool-for-rent-lekki-lagos.jpg | https://images.nigeriapropertycentre.com/properties/images/2675523/067903eb50f1a7-luxury-4bedroom-detached-duplex-with-private-swimming-pool-for-rent-lekki-lagos.jpg | https://images.nigeriapropertycentre.com/properties/images/2675523/067903eb73a054-luxury-4bedroom-detached-duplex-with-private-swimming-pool-for-rent-lekki-lagos.jpg | https://images.nigeriapropertycentre.com/properties/images/2675523/067903eba17b1e-luxury-4bedroom-detached-duplex-with-private-swimming-pool-for-rent-lekki-lagos.jpg | https://images.nigeriapropertycentre.com/properties/images/2675523/067903ebdaa786-luxury-4bedroom-detached-duplex-with-private-swimming-pool-for-rent-lekki-lagos.jpg | https://images.nigeriapropertycentre.com/properties/images/2675523/067903ec06453e-luxury-4bedroom-detached-duplex-with-private-swimming-pool-for-rent-lekki-lagos.jpg | https://images.nigeriapropertycentre.com/properties/images/2675523/067903ec3bb5f6-luxury-4bedroom-detached-duplex-with-private-swimming-pool-for-rent-lekki-lagos.jpg | https://images.nigeriapropertycentre.com/properties/images/2675523/067903e9e33c0a-luxury-4bedroom-detached-duplex-with-private-swimming-pool-for-rent-lekki-lagos.jpg
https://nigeriapropertycentre.com/for-rent/houses/lagos/lekki/lekki-phase-1/2676318-4-bedroom-semi-detached,4 bedroom house for rent, 08082163583," Lekki Phase 1, Lekki, Lagos","₦18,000,000
per annum","For Rent

4 bedroom semi-detached house with Boy's Quarter
Lekki phase one

Strictly residential

18m per annum

Contact Emmanuel 08100203228 for more enquiries","<h1>Luxury 4-Bedroom Semi-Detached House for Rent in Lekki Phase 1</h1>

<p>This stunning 4-bedroom semi-detached house, nestled in the prestigious Lekki Phase 1, offers luxurious living in a tranquil, residential setting.  Boasting a spacious layout and desirable location, this property is perfect for families seeking a comfortable and secure home.</p>

<h2>Key Features:</h2>

<ul>
  <li><strong>4 Spacious Bedrooms:</strong> Ample room for the whole family, with generous closet space and natural light.</li>
  <li><strong>Boy's Quarter:</strong>  Additional accommodation for staff or guests, providing enhanced privacy and convenience.</li>
  <li><strong>Prime Lekki Phase 1 Location:</strong> Enjoy easy access to top-rated schools, upscale shopping malls, and vibrant entertainment options.  The property is situated within a secure and well-maintained neighborhood.</li>
  <li><strong>Strictly Residential:</strong>  A peaceful and family-friendly environment, ideal for those seeking a quiet and secure community.</li>
</ul>

<h2>Rental Details:</h2>

<p><strong>Annual Rent:</strong> ₦18,000,000 (Eighteen Million Naira)</p>

<h2>Contact Information:</h2>

<p>For inquiries and viewing arrangements, please contact:</p>
<p><strong>Emmanuel:</strong> <a href=""tel:+2348100203228"">08100203228</a></p>


<h2>Why Choose This Property?</h2>

<p>Lekki Phase 1 is known for its high-end properties, excellent security, and proximity to key amenities. This semi-detached house offers a unique blend of comfort, space, and convenience, making it an ideal choice for discerning tenants. Don't miss the opportunity to make this exceptional property your new home.</p>
",4,4,5,none,none,none,https://images.nigeriapropertycentre.com/properties/images/2676318/06790d82d4900f-4-bed-semi-detached-for-rent-lekki-phase-1-lekki-lagos.jpg
https://nigeriapropertycentre.com/for-rent/flats-apartments/lagos/lekki/ikate/2677218-2-bedroom-apartment,2 bedroom flat / apartment for rent, 09112749918," Ikate, Ikate, Lekki, Lagos","₦8,000,000
per annum","Luxury 2 bedroom Apartment
Detailed Finishing
Rooms Ensuite
Pop clients
Elevator
Fitted Kitchen
Swimming pool
Nice lighting
Brand New","<h1>Luxury 2-Bedroom Apartment with Exquisite Finishes</h1>

<p>Experience the epitome of luxury living in this brand-new, meticulously designed 2-bedroom apartment.  Boasting detailed, high-end finishes throughout, this residence offers an unparalleled level of comfort and sophistication.  Ideal for discerning clientele, this exceptional property provides a wealth of desirable amenities.</p>

<h2>Key Features:</h2>

<ul>
  <li><strong>Spacious 2 Bedrooms:</strong> Each bedroom is generously sized and features its own ensuite bathroom, ensuring ultimate privacy and convenience.</li>
  <li><strong>Ensuite Bathrooms:</strong>  Enjoy the luxury of private ensuite bathrooms in both bedrooms, complete with premium fixtures and fittings.</li>
  <li><strong>Elegant Living Spaces:</strong>  The apartment is bathed in natural light, creating a bright and airy atmosphere.  Careful attention to detail is evident in the sophisticated lighting design, enhancing the overall ambiance.</li>
  <li><strong>Modern Fitted Kitchen:</strong> A state-of-the-art fitted kitchen is equipped with top-of-the-line appliances, perfect for both casual meals and sophisticated entertaining.</li>
  <li><strong>Convenient Elevator Access:</strong> Enjoy effortless access to your apartment with a dedicated elevator.</li>
  <li><strong>Resort-Style Amenities:</strong> Take a refreshing dip in the sparkling swimming pool, a perfect retreat after a long day.</li>
</ul>

<h2>Ideal for Discerning Residents:</h2>

<p>This apartment is perfectly suited for sophisticated individuals or couples who appreciate refined living and exceptional quality.  The thoughtful design and premium amenities create a haven of tranquility and style.</p>

<h2>Contact Us Today:</h2>

<p>Schedule a viewing to experience the unparalleled luxury of this exceptional apartment.  Don't miss the opportunity to make this exquisite residence your new home.</p>
",2,2,3,2,none,none,https://images.nigeriapropertycentre.com/properties/images/2677218/067914a994a4b8-2-bedroom-apartment-for-rent-ikate-lekki-lagos.jpg | https://images.nigeriapropertycentre.com/properties/images/2677218/067914a8d68415-2-bedroom-apartment-for-rent-ikate-lekki-lagos.jpg | https://images.nigeriapropertycentre.com/properties/images/2677218/067914a8f2e516-2-bedroom-apartment-for-rent-ikate-lekki-lagos.jpg | https://images.nigeriapropertycentre.com/properties/images/2677218/067914a90dc8cb-2-bedroom-apartment-for-rent-ikate-lekki-lagos.jpg | https://images.nigeriapropertycentre.com/properties/images/2677218/067914a926b7ab-2-bedroom-apartment-for-rent-ikate-lekki-lagos.jpg | https://images.nigeriapropertycentre.com/properties/images/2677218/067914a9409890-2-bedroom-apartment-for-rent-ikate-lekki-lagos.jpg | https://images.nigeriapropertycentre.com/properties/images/2677218/067914a959f614-2-bedroom-apartment-for-rent-ikate-lekki-lagos.jpg | https://images.nigeriapropertycentre.com/properties/images/2677218/067914a97a15d6-2-bedroom-apartment-for-rent-ikate-lekki-lagos.jpg | https://images.nigeriapropertycentre.com/properties/images/2677218/067914a994a4b8-2-bedroom-apartment-for-rent-ikate-lekki-lagos.jpg | https://images.nigeriapropertycentre.com/properties/images/2677218/067914a8d68415-2-bedroom-apartment-for-rent-ikate-lekki-lagos.jpg
https://nigeriapropertycentre.com/for-rent/commercial/offices/lagos/ikoyi/2677201-decent-6bedroom-detached-house-with-2bqs,Office space for rent, 08023729528," Dolphin Extension, Ikoyi, Lagos","₦45,000,000
per annum","6-bedroom detached duplex all en-suite, 2 living rooms with verandas and 2 rooms BQ, ample parking space in Dolphin Estate Extension. Good for Commercial.

Rent: 45m","<h1>Luxury 6-Bedroom Detached Duplex in Dolphin Estate Extension</h1>

<p>This stunning 6-bedroom detached duplex offers unparalleled luxury and spaciousness, making it ideal for both residential and commercial use.  Located in the prestigious Dolphin Estate Extension, this property boasts a range of high-end features designed for comfortable and sophisticated living.</p>

<h2>Key Features:</h2>

<ul>
  <li><strong>6 En-suite Bedrooms:</strong> Each bedroom provides private access to a beautifully appointed ensuite bathroom, ensuring maximum comfort and privacy for residents or occupants.</li>
  <li><strong>2 Spacious Living Rooms with Verandas:</strong> Enjoy expansive living spaces, perfect for entertaining or relaxing.  Both living rooms offer access to inviting verandas, ideal for outdoor gatherings or simply enjoying the fresh air.</li>
  <li><strong>2 Rooms Boys' Quarters (BQ):</strong>  A separate and self-contained boys' quarters with two rooms provides additional accommodation for staff or guests.</li>
  <li><strong>Ample Parking Space:</strong>  Enjoy the convenience of ample parking space, eliminating the hassle of finding parking in a busy area.</li>
  <li><strong>Commercial Potential:</strong>  The spacious layout and prime location make this property exceptionally well-suited for a variety of commercial ventures.</li>
  <li><strong>Prime Location: Dolphin Estate Extension:</strong> Located within the sought-after Dolphin Estate Extension, this property offers a secure and prestigious address.</li>
</ul>

<h2>Rental Information:</h2>

<p><strong>Rent: ₦45,000,000 (Forty-Five Million Naira)</strong></p>

<p><strong>Contact us today to schedule a viewing and experience the luxury and potential of this exceptional property.</strong></p>

<p><em>Note:  All prices are subject to change.  Please inquire for the most up-to-date information.</em></p>
",none,6,7,none,none,none,https://images.nigeriapropertycentre.com/properties/images/2677201/067914435ca40d-decent-6bedroom-detached-house-with-2bqs-for-rent-ikoyi-lagos.jpg | https://images.nigeriapropertycentre.com/properties/images/2677201/067914356a2344-decent-6bedroom-detached-house-with-2bqs-for-rent-ikoyi-lagos.jpg | https://images.nigeriapropertycentre.com/properties/images/2677201/0679143715ff61-decent-6bedroom-detached-house-with-2bqs-for-rent-ikoyi-lagos.jpg | https://images.nigeriapropertycentre.com/properties/images/2677201/0679143bcaa617-decent-6bedroom-detached-house-with-2bqs-for-rent-ikoyi-lagos.jpg | https://images.nigeriapropertycentre.com/properties/images/2677201/06791440f00bcd-decent-6bedroom-detached-house-with-2bqs-for-rent-ikoyi-lagos.jpg | https://images.nigeriapropertycentre.com/properties/images/2677201/0679144167707e-decent-6bedroom-detached-house-with-2bqs-for-rent-ikoyi-lagos.jpg | https://images.nigeriapropertycentre.com/properties/images/2677201/067914435ca40d-decent-6bedroom-detached-house-with-2bqs-for-rent-ikoyi-lagos.jpg | https://images.nigeriapropertycentre.com/properties/images/2677201/067914356a2344-decent-6bedroom-detached-house-with-2bqs-for-rent-ikoyi-lagos.jpg
https://nigeriapropertycentre.com/for-rent/houses/detached-duplexes/abuja/apo/2677202-fully-detached-4-bedroom-duplex-with-2-room-bq,4 bedroom detached duplex for rent, 07030480818," By Cedarcrest Hospital Apo Duste, Apo, Abuja","₦6,000,000
per annum","Fully detached 4 bedroom duplex with 2 room bq by cedarcrest hospital Apo Dutse
Tent 6.5m ( tenant take care of Renovation )
Agency and legal 20%","<h1>Fully Detached 4-Bedroom Duplex with 2-Room BQ near Cedarcrest Hospital, Apo Dutse</h1>

<p>This stunning fully detached 4-bedroom duplex offers spacious and comfortable living, complemented by a generous 2-room boys' quarters (BQ).  Its prime location near Cedarcrest Hospital in Apo Dutse provides convenient access to essential services and amenities.  This property presents a fantastic opportunity for discerning tenants seeking a high-quality residence.</p>

<h2>Property Highlights:</h2>

<ul>
  <li><strong>Bedrooms:</strong> 4 generously sized bedrooms, ideal for families or individuals seeking ample living space.</li>
  <li><strong>Bathrooms:</strong> (Number of bathrooms needs to be specified.  Please add this detail.)</li>
  <li><strong>Boys' Quarters (BQ):</strong>  A sizable 2-room BQ, perfect for guests or domestic staff.</li>
  <li><strong>Location:</strong>  Conveniently located near Cedarcrest Hospital in Apo Dutse, offering easy access to healthcare, shopping, and other essential services.</li>
  <li><strong>Parking:</strong> (Specify parking details - e.g.,  ""Ample parking space available,"" or ""Dedicated parking for two cars."")</li>
  <li><strong>Fully Detached:</strong> Enjoy the privacy and independence of a fully detached dwelling.</li>
</ul>

<h2>Rental Details:</h2>

<ul>
  <li><strong>Rent:</strong> ₦6.5 million (Please confirm currency and add any applicable unit of time, e.g., per annum)</li>
  <li><strong>Renovation:</strong> Tenant responsible for any necessary renovations.</li>
  <li><strong>Agency Fee:</strong> 20% of the annual rent (Please clarify if this applies to the total annual rent or a different period).</li>
  <li><strong>Legal Fee:</strong> 20% of the annual rent (Please clarify if this applies to the total annual rent or a different period, and if this is in addition to or included in the agency fee).</li>
</ul>

<h2>Contact Us:</h2>

<p>To schedule a viewing or for further inquiries, please contact us. (Add contact information here – phone number, email address, etc.)</p>

<p><strong>Disclaimer:</strong>  All information provided is believed to be accurate but is not guaranteed.  Interested parties are advised to conduct their own due diligence.</p>
",4,4,5,5,none,none,https://images.nigeriapropertycentre.com/properties/images/2677202/06791449d82657-fully-detached-4-bedroom-duplex-with-2-room-bq-detached-duplexes-for-rent-apo-abuja.jpg | https://images.nigeriapropertycentre.com/properties/images/2677202/06791446c6473d-fully-detached-4-bedroom-duplex-with-2-room-bq-detached-duplexes-for-rent-apo-abuja.jpg | https://images.nigeriapropertycentre.com/properties/images/2677202/06791446de9696-fully-detached-4-bedroom-duplex-with-2-room-bq-detached-duplexes-for-rent-apo-abuja.jpg | https://images.nigeriapropertycentre.com/properties/images/2677202/06791446f937c1-fully-detached-4-bedroom-duplex-with-2-room-bq-detached-duplexes-for-rent-apo-abuja.jpg | https://images.nigeriapropertycentre.com/properties/images/2677202/0679144710c223-fully-detached-4-bedroom-duplex-with-2-room-bq-detached-duplexes-for-rent-apo-abuja.jpg | https://images.nigeriapropertycentre.com/properties/images/2677202/0679144729ba91-fully-detached-4-bedroom-duplex-with-2-room-bq-detached-duplexes-for-rent-apo-abuja.jpg | https://images.nigeriapropertycentre.com/properties/images/2677202/0679144741ed47-fully-detached-4-bedroom-duplex-with-2-room-bq-detached-duplexes-for-rent-apo-abuja.jpg | https://images.nigeriapropertycentre.com/properties/images/2677202/067914475d6e29-fully-detached-4-bedroom-duplex-with-2-room-bq-detached-duplexes-for-rent-apo-abuja.jpg | https://images.nigeriapropertycentre.com/properties/images/2677202/0679144779cef8-fully-detached-4-bedroom-duplex-with-2-room-bq-detached-duplexes-for-rent-apo-abuja.jpg | https://images.nigeriapropertycentre.com/properties/images/2677202/067914478e7b12-fully-detached-4-bedroom-duplex-with-2-room-bq-detached-duplexes-for-rent-apo-abuja.jpg | https://images.nigeriapropertycentre.com/properties/images/2677202/06791447a72187-fully-detached-4-bedroom-duplex-with-2-room-bq-detached-duplexes-for-rent-apo-abuja.jpg | https://images.nigeriapropertycentre.com/properties/images/2677202/06791447bda80c-fully-detached-4-bedroom-duplex-with-2-room-bq-detached-duplexes-for-rent-apo-abuja.jpg | https://images.nigeriapropertycentre.com/properties/images/2677202/06791447d59a4e-fully-detached-4-bedroom-duplex-with-2-room-bq-detached-duplexes-for-rent-apo-abuja.jpg | https://images.nigeriapropertycentre.com/properties/images/2677202/06791448071143-fully-detached-4-bedroom-duplex-with-2-room-bq-detached-duplexes-for-rent-apo-abuja.jpg | https://images.nigeriapropertycentre.com/properties/images/2677202/067914481c714e-fully-detached-4-bedroom-duplex-with-2-room-bq-detached-duplexes-for-rent-apo-abuja.jpg | https://images.nigeriapropertycentre.com/properties/images/2677202/0679144833eed0-fully-detached-4-bedroom-duplex-with-2-room-bq-detached-duplexes-for-rent-apo-abuja.jpg | https://images.nigeriapropertycentre.com/properties/images/2677202/067914484e4c44-fully-detached-4-bedroom-duplex-with-2-room-bq-detached-duplexes-for-rent-apo-abuja.jpg | https://images.nigeriapropertycentre.com/properties/images/2677202/0679144872aae8-fully-detached-4-bedroom-duplex-with-2-room-bq-detached-duplexes-for-rent-apo-abuja.jpg | https://images.nigeriapropertycentre.com/properties/images/2677202/06791449856551-fully-detached-4-bedroom-duplex-with-2-room-bq-detached-duplexes-for-rent-apo-abuja.jpg | https://images.nigeriapropertycentre.com/properties/images/2677202/06791449aa2c39-fully-detached-4-bedroom-duplex-with-2-room-bq-detached-duplexes-for-rent-apo-abuja.jpg | https://images.nigeriapropertycentre.com/properties/images/2677202/06791449bf11bb-fully-detached-4-bedroom-duplex-with-2-room-bq-detached-duplexes-for-rent-apo-abuja.jpg | https://images.nigeriapropertycentre.com/properties/images/2677202/06791449d82657-fully-detached-4-bedroom-duplex-with-2-room-bq-detached-duplexes-for-rent-apo-abuja.jpg | https://images.nigeriapropertycentre.com/properties/images/2677202/06791446c6473d-fully-detached-4-bedroom-duplex-with-2-room-bq-detached-duplexes-for-rent-apo-abuja.jpg
https://nigeriapropertycentre.com/for-rent/flats-apartments/abuja/utako/2677195-3-bedroom-block-of-flat,3 bedroom flat / apartment for rent, 08158849886," Utako, Abuja","₦7,000,000
per annum","3 Bedroom Block of Flat of 6units available for rent within a tared road in Utako

Breakdown:
Rent: 7m X 2 Years
Service: 500k
Caution: 500k (Refundable)
Agency and Legal: 15% of rent
Inspection fee applies

Please call: 08158849886
For further Enquiry and Inspection","<h1>3-Bedroom Flat in Utako: Luxurious Living, Prime Location</h1>

<p>Find your ideal home in this stunning 3-bedroom flat, part of a well-maintained 6-unit block located in the desirable Utako district.  Enjoy convenient access via a tarred road, ensuring easy commuting and a peaceful neighborhood atmosphere. This property offers a blend of comfort, security, and prime location.</p>

<h2>Property Details:</h2>

<ul>
  <li><strong>Bedrooms:</strong> 3 spacious bedrooms designed for comfort and relaxation.</li>
  <li><strong>Location:</strong> Utako, Abuja – a sought-after area known for its tranquility and proximity to essential amenities.</li>
  <li><strong>Road Access:</strong> Situated on a well-maintained tarred road for easy accessibility.</li>
  <li><strong>Unit Type:</strong> Part of a secure 6-unit block, ensuring privacy and a sense of community.</li>
</ul>

<h2>Rental Information:</h2>

<ul>
  <li><strong>Rent:</strong> ₦7,000,000 (Seven Million Naira) per annum, payable for a minimum of 2 years.</li>
  <li><strong>Service Charge:</strong> ₦500,000 (Five Hundred Thousand Naira) annually.</li>
  <li><strong>Caution Deposit:</strong> ₦500,000 (Five Hundred Thousand Naira) – Refundable upon lease expiration.</li>
  <li><strong>Agency &amp; Legal Fees:</strong> 15% of the annual rent (₦1,050,000).</li>
  <li><strong>Inspection Fee:</strong> Applies (Please inquire for details).</li>
</ul>

<h2>Contact Us:</h2>

<p>For inquiries, scheduling an inspection, or to discuss this exceptional rental opportunity further, please contact:</p>

<p><strong>Phone:</strong> <a href=""tel:+2348158849886"">08158849886</a></p>

<p>Don't miss out on this chance to secure a beautiful and conveniently located 3-bedroom flat in Utako.  Contact us today!</p>
",3,3,4,3,none,none,https://images.nigeriapropertycentre.com/properties/images/2677195/06791412f58f64-3-bedroom-block-of-flat-for-rent-utako-abuja.jpg | https://images.nigeriapropertycentre.com/properties/images/2677195/06791410d2adf0-3-bedroom-block-of-flat-for-rent-utako-abuja.jpg | https://images.nigeriapropertycentre.com/properties/images/2677195/06791411211431-3-bedroom-block-of-flat-for-rent-utako-abuja.jpg | https://images.nigeriapropertycentre.com/properties/images/2677195/06791412f58f64-3-bedroom-block-of-flat-for-rent-utako-abuja.jpg | https://images.nigeriapropertycentre.com/properties/images/2677195/06791410d2adf0-3-bedroom-block-of-flat-for-rent-utako-abuja.jpg
https://nigeriapropertycentre.com/for-rent/houses/detached-duplexes/lagos/ikoyi/old-ikoyi/2677192-5-bedroom-duplex,5 bedroom detached duplex for rent, +2348052444369," Old Ikoyi, Old Ikoyi, Ikoyi, Lagos","₦35,000,000
per annum","️TO LET

WELL MAINTAINED 5 BEDROOM DUPLEX WITH BQ,FITTED KITCHEN, GYM AND SWIMMING POOL

LOCATION: OLD IKOYI

RENT:
35M FOR 1 YEAR
30M FOR 2 YEAR UPFRONT

SERVICE CHARGE: 4M
AGENCY: 10%
LEGAL: 10%
CAUTION: 3M","<h1>Luxury 5-Bedroom Duplex with Amenities in Old Ikoyi – To Let</h1>

<p>This stunning, well-maintained 5-bedroom duplex offers luxurious living in the prestigious Old Ikoyi neighborhood.  Boasting a wealth of amenities, this property is perfect for discerning tenants seeking comfort and convenience.</p>

<h2>Property Features:</h2>

<ul>
  <li><strong>5 Spacious Bedrooms:</strong> Each bedroom is generously sized and designed for ultimate comfort and relaxation.</li>
  <li><strong>Fully Fitted Kitchen:</strong> A modern, fully equipped kitchen with high-end appliances, perfect for culinary enthusiasts.</li>
  <li><strong>Boy's Quarters (BQ):</strong> A separate, self-contained boy's quarters provides additional accommodation for staff.</li>
  <li><strong>Private Gym:</strong> Stay fit and healthy with your own private gym, eliminating the need for external memberships.</li>
  <li><strong>Swimming Pool:</strong> Enjoy refreshing dips in your private swimming pool, perfect for relaxation and entertainment.</li>
</ul>

<h2>Location:</h2>

<p>Nestled in the exclusive Old Ikoyi, this property offers unparalleled access to top-tier amenities, reputable schools, and vibrant social scenes.  Old Ikoyi is renowned for its peaceful atmosphere and upscale lifestyle.</p>

<h2>Rental Details:</h2>

<p><strong>Rent:</strong></p>
<ul>
  <li>₦35,000,000 (Thirty-Five Million Naira) for a 1-year lease</li>
  <li>₦30,000,000 (Thirty Million Naira) for a 2-year lease (paid upfront)</li>
</ul>
<p><strong>Additional Charges:</strong></p>
<ul>
  <li><strong>Service Charge:</strong> ₦4,000,000 (Four Million Naira)</li>
  <li><strong>Agency Fee:</strong> 10% of the annual rent</li>
  <li><strong>Legal Fee:</strong> 10% of the annual rent</li>
  <li><strong>Caution Fee:</strong> ₦3,000,000 (Three Million Naira)</li>
</ul>


<p><strong>Contact us today to schedule a viewing!  This exceptional property won't last long.</strong></p>
",5,5,6,5,none,none,https://images.nigeriapropertycentre.com/properties/images/2677192/067914319373de-5-bedroom-duplex-detached-duplexes-for-rent-old-ikoyi-ikoyi-lagos.jpg | https://images.nigeriapropertycentre.com/properties/images/2677192/0679143024fe89-5-bedroom-duplex-detached-duplexes-for-rent-old-ikoyi-ikoyi-lagos.jpg | https://images.nigeriapropertycentre.com/properties/images/2677192/06791430467e2c-5-bedroom-duplex-detached-duplexes-for-rent-old-ikoyi-ikoyi-lagos.jpg | https://images.nigeriapropertycentre.com/properties/images/2677192/067914307a1d1c-5-bedroom-duplex-detached-duplexes-for-rent-old-ikoyi-ikoyi-lagos.jpg | https://images.nigeriapropertycentre.com/properties/images/2677192/06791430a6d3c0-5-bedroom-duplex-detached-duplexes-for-rent-old-ikoyi-ikoyi-lagos.jpg | https://images.nigeriapropertycentre.com/properties/images/2677192/06791430c0ee37-5-bedroom-duplex-detached-duplexes-for-rent-old-ikoyi-ikoyi-lagos.jpg | https://images.nigeriapropertycentre.com/properties/images/2677192/06791430edd867-5-bedroom-duplex-detached-duplexes-for-rent-old-ikoyi-ikoyi-lagos.jpg | https://images.nigeriapropertycentre.com/properties/images/2677192/06791431286a4d-5-bedroom-duplex-detached-duplexes-for-rent-old-ikoyi-ikoyi-lagos.jpg | https://images.nigeriapropertycentre.com/properties/images/2677192/067914315eae19-5-bedroom-duplex-detached-duplexes-for-rent-old-ikoyi-ikoyi-lagos.jpg | https://images.nigeriapropertycentre.com/properties/images/2677192/067914319373de-5-bedroom-duplex-detached-duplexes-for-rent-old-ikoyi-ikoyi-lagos.jpg | https://images.nigeriapropertycentre.com/properties/images/2677192/0679143024fe89-5-bedroom-duplex-detached-duplexes-for-rent-old-ikoyi-ikoyi-lagos.jpg
https://nigeriapropertycentre.com/for-rent/flats-apartments/lagos/lekki/2677189-one-bedroom-apartment,1 bedroom flat / apartment for rent, 08145996103," Idado, Lekki, Lagos","₦2,000,000
per annum","Rent Alert

One Bedroom Apartment

Location: idado Lekki


Rent: 2 Million

Agency: 10%

Legal: 10%

Caution: 10%

Sc :500k
@owo","<h1>Luxury One-Bedroom Apartment for Rent in Lekki, Lagos</h1>

<p>Find your dream home in the prestigious Lekki area of Lagos! This stunning one-bedroom apartment offers a sophisticated living experience with modern amenities and a prime location.  </p>

<h2>Property Details:</h2>

<ul>
  <li><strong>Location:</strong>  Ikate Lekki, Lagos (Precise address available upon request)</li>
  <li><strong>Bedrooms:</strong> 1</li>
  <li><strong>Bathrooms:</strong> (Specify number of bathrooms)</li>
  <li><strong>Rent:</strong> ₦2,000,000 (Two Million Naira) per annum</li>
  <li><strong>Agency Fee:</strong> 10% of annual rent (₦200,000)</li>
  <li><strong>Legal Fee:</strong> 10% of annual rent (₦200,000)</li>
  <li><strong>Caution Fee:</strong> 10% of annual rent (₦200,000)</li>
  <li><strong>Service Charge (SC):</strong> ₦500,000 (Five Hundred Thousand Naira)</li>
</ul>

<h2>Apartment Features:</h2>

<p><em>(Add detailed descriptions of apartment features here. Examples below.  Be as specific as possible. Include details like the size of the apartment, if it is furnished or unfurnished, appliances included, parking availability, security features, and any other notable amenities.)</em></p>

<ul>
  <li>Modern kitchen with (specify appliances: e.g., built-in oven, microwave, refrigerator)</li>
  <li>Spacious living area with (e.g., large windows, balcony)</li>
  <li>Ensuite bathroom with (e.g., bathtub, shower)</li>
  <li>Ample closet space</li>
  <li>Secure gated community with 24/7 security</li>
  <li>(Add other features as applicable)</li>
</ul>


<h2>Contact Information:</h2>

<p>For inquiries and viewing arrangements, please contact:</p>

<p><strong>Name:</strong> (Add your name or agency name)</p>
<p><strong>Phone Number:</strong> (Add your phone number)</p>
<p><strong>Email:</strong> (Add your email address)</p>


<h2>Neighborhood Highlights:</h2>

<p><em>(Describe the neighborhood and its advantages.  Mention proximity to schools, hospitals, shopping malls, recreational areas, and other points of interest.)</em></p>

<p>Ikate Lekki is a highly sought-after area known for its tranquility, upscale residential properties, and proximity to major commercial hubs and entertainment venues. Residents enjoy easy access to [mention specific landmarks and amenities].</p>


<p><strong>Note:</strong>  This is a premium property and is available on a first-come, first-served basis.  Contact us immediately to schedule a viewing!</p>
",1,2,2,none,none,none,https://images.nigeriapropertycentre.com/properties/images/2677189/067913ecbc11da-one-bedroom-apartment-for-rent-lekki-lagos.jpeg | https://images.nigeriapropertycentre.com/properties/images/2677189/067913ec069bbb-one-bedroom-apartment-for-rent-lekki-lagos.jpeg | https://images.nigeriapropertycentre.com/properties/images/2677189/067913ec1d6603-one-bedroom-apartment-for-rent-lekki-lagos.jpeg | https://images.nigeriapropertycentre.com/properties/images/2677189/067913ec32dd11-one-bedroom-apartment-for-rent-lekki-lagos.jpeg | https://images.nigeriapropertycentre.com/properties/images/2677189/067913ec4ca775-one-bedroom-apartment-for-rent-lekki-lagos.jpeg | https://images.nigeriapropertycentre.com/properties/images/2677189/067913ec65790a-one-bedroom-apartment-for-rent-lekki-lagos.jpeg | https://images.nigeriapropertycentre.com/properties/images/2677189/067913ec7de0ba-one-bedroom-apartment-for-rent-lekki-lagos.jpeg | https://images.nigeriapropertycentre.com/properties/images/2677189/067913ec91f214-one-bedroom-apartment-for-rent-lekki-lagos.jpeg | https://images.nigeriapropertycentre.com/properties/images/2677189/067913eca6658e-one-bedroom-apartment-for-rent-lekki-lagos.jpeg | https://images.nigeriapropertycentre.com/properties/images/2677189/067913ecbc11da-one-bedroom-apartment-for-rent-lekki-lagos.jpeg | https://images.nigeriapropertycentre.com/properties/images/2677189/067913ec069bbb-one-bedroom-apartment-for-rent-lekki-lagos.jpeg
https://nigeriapropertycentre.com/for-rent/flats-apartments/lagos/lekki/ikate/2677188-well-designed-brand-new,2 bedroom flat / apartment for rent, 08032670727," Ikate, Lekki, Lagos","₦12,000,000
per annum","Brand new 2bedroom apartment
Rent 12m
Agency fee 10%
Legal fee 10%
Service charge not determine yet
Location ikate lekki","<h1>Brand New 2-Bedroom Apartment for Rent in Ikate Lekki</h1>

<p>This stunning brand new 2-bedroom apartment is now available for rent in the desirable Ikate Lekki area.  Offering modern living in a prime location, this property is perfect for individuals or couples seeking comfortable and convenient accommodation.</p>

<h2>Key Features:</h2>
<ul>
  <li><strong>Bedrooms:</strong> 2 spacious bedrooms</li>
  <li><strong>Bathrooms:</strong> (<em>Specify number of bathrooms here</em>)</li>
  <li><strong>Location:</strong> Ikate Lekki – a vibrant and well-connected neighborhood.</li>
  <li><strong>Modern Amenities:</strong> (<em>List any included amenities such as kitchen appliances, air conditioning, parking, etc.  Be specific!  e.g., ""Modern kitchen with granite countertops and stainless steel appliances,"" ""Ample parking space,"" ""24/7 security""</em>)</li>
  <li><strong>Condition:</strong> Brand new and move-in ready.</li>
</ul>

<h2>Financial Details:</h2>
<ul>
  <li><strong>Monthly Rent:</strong> ₦12,000,000 (<em>Specify currency</em>)</li>
  <li><strong>Agency Fee:</strong> 10% of the annual rent (<em>Calculate and specify the exact amount</em>)</li>
  <li><strong>Legal Fee:</strong> 10% of the annual rent (<em>Calculate and specify the exact amount</em>)</li>
  <li><strong>Service Charge:</strong> To be determined.  (<em>Add:  ""We will provide a detailed breakdown of the service charge upon request.""  or  ""Contact us for details regarding the service charge.""</em>)</li>
</ul>

<h2>Ikate Lekki: A Prime Location</h2>
<p>Ikate Lekki offers a blend of tranquility and urban convenience.  Residents enjoy easy access to (<em>List nearby amenities, e.g.,  major roads, shopping malls, schools, hospitals, restaurants, etc.  Be specific!</em>).</p>

<h2>Contact Us:</h2>
<p>To schedule a viewing or for further inquiries, please contact us at (<em>Phone number</em>) or (<em>Email address</em>).</p>

<p><em>Note:  All prices are subject to change.</em></p>
",2,2,3,none,none,none,https://images.nigeriapropertycentre.com/properties/images/2677188/067913e923522f-well-designed-brand-new-for-rent-ikate-lekki-lagos.jpeg | https://images.nigeriapropertycentre.com/properties/images/2677188/067913e84e3d4c-well-designed-brand-new-for-rent-ikate-lekki-lagos.jpeg | https://images.nigeriapropertycentre.com/properties/images/2677188/067913e8647b96-well-designed-brand-new-for-rent-ikate-lekki-lagos.jpeg | https://images.nigeriapropertycentre.com/properties/images/2677188/067913e8787160-well-designed-brand-new-for-rent-ikate-lekki-lagos.jpeg | https://images.nigeriapropertycentre.com/properties/images/2677188/067913e88e64dc-well-designed-brand-new-for-rent-ikate-lekki-lagos.jpeg | https://images.nigeriapropertycentre.com/properties/images/2677188/067913e8a2a61e-well-designed-brand-new-for-rent-ikate-lekki-lagos.jpeg | https://images.nigeriapropertycentre.com/properties/images/2677188/067913e8b7eb45-well-designed-brand-new-for-rent-ikate-lekki-lagos.jpeg | https://images.nigeriapropertycentre.com/properties/images/2677188/067913e8cce263-well-designed-brand-new-for-rent-ikate-lekki-lagos.jpeg | https://images.nigeriapropertycentre.com/properties/images/2677188/067913e8e1855c-well-designed-brand-new-for-rent-ikate-lekki-lagos.jpeg | https://images.nigeriapropertycentre.com/properties/images/2677188/067913e8f56687-well-designed-brand-new-for-rent-ikate-lekki-lagos.jpeg | https://images.nigeriapropertycentre.com/properties/images/2677188/067913e90c28c0-well-designed-brand-new-for-rent-ikate-lekki-lagos.jpeg | https://images.nigeriapropertycentre.com/properties/images/2677188/067913e923522f-well-designed-brand-new-for-rent-ikate-lekki-lagos.jpeg | https://images.nigeriapropertycentre.com/properties/images/2677188/067913e84e3d4c-well-designed-brand-new-for-rent-ikate-lekki-lagos.jpeg
https://nigeriapropertycentre.com/for-rent/houses/terraced-duplexes/lagos/ajah/2677185-fully-serviced-3-bedroom-terraced-duplex-with-bq-and-swimming-pool,3 bedroom terraced duplex for rent, +2348136967123," Empire Terrace By Emerald Off Mobil Road, Ajah, Lagos","₦5,000,000
per annum","Fully service 3 Bedroom Terrace Duplex with BQ and Swimming Pool

Located at Empire Terrace by Emerald estate Off Mobil road Ajah


Rent 5M
Agency 10%
Legal 10%
Caution 10%

Service charge 50k monthly
Power 400Naira per kilowatt

Features
Swimming pool
24hr electricity
Gym
Security","<h1>Luxury 3-Bedroom Terrace Duplex in Ajah, Lagos – Empire Terrace</h1>

<p>Experience upscale living in this fully serviced 3-bedroom terrace duplex located in the prestigious Empire Terrace by Emerald Estate, off Mobil Road, Ajah. This stunning property boasts a range of luxurious features and amenities, making it the perfect home for discerning individuals and families.</p>

<h2>Exceptional Features and Amenities</h2>

<ul>
    <li><strong>Spacious 3-Bedroom Terrace Duplex:</strong> Enjoy ample living space with three generously sized bedrooms, providing comfort and privacy for all residents.</li>
    <li><strong>Modern Kitchen:</strong>  (<em>Add details about the kitchen if available, e.g., fitted kitchen, modern appliances</em>)</li>
    <li><strong>Boy's Quarters (BQ):</strong>  Separate and self-contained quarters for domestic staff.</li>
    <li><strong>Private Swimming Pool:</strong>  Relax and unwind in your own private swimming pool, perfect for leisure and entertaining.</li>
    <li><strong>24-Hour Electricity:</strong> Enjoy uninterrupted power supply, ensuring a comfortable and convenient lifestyle.</li>
    <li><strong>State-of-the-art Gym:</strong> Stay fit and healthy with access to a fully equipped gym within the estate.</li>
    <li><strong>Top-Notch Security:</strong>  Rest assured with 24/7 security personnel ensuring a safe and secure environment.</li>
    <li><strong>Serene Environment:</strong>  Experience the tranquility of a well-maintained and beautifully landscaped estate.</li>
</ul>


<h2>Rental Details</h2>

<ul>
    <li><strong>Rent:</strong> ₦5,000,000 (Five Million Naira) per annum</li>
    <li><strong>Agency Fee:</strong> 10% of annual rent (₦500,000)</li>
    <li><strong>Legal Fee:</strong> 10% of annual rent (₦500,000)</li>
    <li><strong>Caution Fee:</strong> 10% of annual rent (₦500,000)</li>
    <li><strong>Service Charge:</strong> ₦50,000 per month</li>
    <li><strong>Electricity Tariff:</strong> ₦400 per kilowatt</li>
</ul>

<h2>Prime Location</h2>

<p>Located in the sought-after Empire Terrace by Emerald Estate, off Mobil Road, Ajah, this property offers easy access to major roads, shopping centers, schools, and other amenities.  Ajah is a rapidly developing area with excellent infrastructure and a vibrant community.</p>

<h2>Contact Us</h2>

<p><em>(Add contact information here – phone number, email address, website link)</em></p>

<p>Don't miss out on this exceptional opportunity to live in luxury. Contact us today to schedule a viewing!</p>
",3,3,3,none,none,none,https://images.nigeriapropertycentre.com/properties/images/2677185/067913e375004c-fully-serviced-3-bedroom-terraced-duplex-with-bq-and-swimming-pool-terraced-duplexes-for-rent-ajah-lagos.jpeg | https://images.nigeriapropertycentre.com/properties/images/2677185/067913e107c067-fully-serviced-3-bedroom-terraced-duplex-with-bq-and-swimming-pool-terraced-duplexes-for-rent-ajah-lagos.jpeg | https://images.nigeriapropertycentre.com/properties/images/2677185/067913e32c2019-fully-serviced-3-bedroom-terraced-duplex-with-bq-and-swimming-pool-terraced-duplexes-for-rent-ajah-lagos.jpeg | https://images.nigeriapropertycentre.com/properties/images/2677185/067913e33ccebe-fully-serviced-3-bedroom-terraced-duplex-with-bq-and-swimming-pool-terraced-duplexes-for-rent-ajah-lagos.jpeg | https://images.nigeriapropertycentre.com/properties/images/2677185/067913e3515b2f-fully-serviced-3-bedroom-terraced-duplex-with-bq-and-swimming-pool-terraced-duplexes-for-rent-ajah-lagos.jpeg | https://images.nigeriapropertycentre.com/properties/images/2677185/067913e3613d68-fully-serviced-3-bedroom-terraced-duplex-with-bq-and-swimming-pool-terraced-duplexes-for-rent-ajah-lagos.jpeg | https://images.nigeriapropertycentre.com/properties/images/2677185/067913e375004c-fully-serviced-3-bedroom-terraced-duplex-with-bq-and-swimming-pool-terraced-duplexes-for-rent-ajah-lagos.jpeg | https://images.nigeriapropertycentre.com/properties/images/2677185/067913e107c067-fully-serviced-3-bedroom-terraced-duplex-with-bq-and-swimming-pool-terraced-duplexes-for-rent-ajah-lagos.jpeg
https://nigeriapropertycentre.com/for-rent/flats-apartments/mini-flats/lagos/lekki/2677181-a-room-and-parlor,1 bedroom mini flat (room and parlour) for rent, 08108866690," Idado Estate, Lekki, Lagos","₦2,000,000
per annum","A room and parlor with stable power supply, stable water supply, clean water with treatment plant, large kitchen with cabinet, tight security must be checked before entering","<h1>Ideal Space: Room, Parlor, & Amenities</h1>

<p>This listing boasts a spacious room and parlor, perfect for comfortable living.  A key advantage is the reliable and consistent <strong>stable power supply</strong>, ensuring uninterrupted electricity.  Complementing this is a <strong>stable water supply</strong>, providing a constant flow of clean water.  Further enhancing the quality of life, a <strong>water treatment plant</strong> guarantees purified, safe drinking water.</p>

<p>The property includes a <strong>large kitchen</strong>, fitted with ample storage thanks to built-in <strong>cabinets</strong>. This offers convenient and efficient meal preparation.  Security is paramount, and a <strong>tight security system</strong> is in place, requiring verification before entry. This ensures a safe and secure living environment.</p>

<h2>Key Features Summarized:</h2>
<ul>
  <li>Spacious Room & Parlor</li>
  <li>Stable Power Supply</li>
  <li>Stable Water Supply</li>
  <li>Water Treatment Plant (Clean Water)</li>
  <li>Large Kitchen with Cabinets</li>
  <li>Tight Security System</li>
</ul>

<p>This property offers a blend of comfort, convenience, and security, making it an ideal living space.  Inquire today to learn more!</p>
",1,2,2,33,522,none,https://images.nigeriapropertycentre.com/properties/images/2677181/067913d90e64df-a-room-and-parlor-mini-flats-for-rent-lekki-lagos.jpg | https://images.nigeriapropertycentre.com/properties/images/2677181/067913d5a24b24-a-room-and-parlor-mini-flats-for-rent-lekki-lagos.jpg | https://images.nigeriapropertycentre.com/properties/images/2677181/067913d6429f54-a-room-and-parlor-mini-flats-for-rent-lekki-lagos.jpg | https://images.nigeriapropertycentre.com/properties/images/2677181/067913d736197d-a-room-and-parlor-mini-flats-for-rent-lekki-lagos.jpg | https://images.nigeriapropertycentre.com/properties/images/2677181/067913d894b920-a-room-and-parlor-mini-flats-for-rent-lekki-lagos.jpg | https://images.nigeriapropertycentre.com/properties/images/2677181/067913d90e64df-a-room-and-parlor-mini-flats-for-rent-lekki-lagos.jpg | https://images.nigeriapropertycentre.com/properties/images/2677181/067913d5a24b24-a-room-and-parlor-mini-flats-for-rent-lekki-lagos.jpg
https://nigeriapropertycentre.com/for-rent/flats-apartments/lagos/lekki/lekki-phase-1/2677179-2,2 bedroom flat / apartment for rent, 09090852826," Lekki Phase 1, Lekki, Lagos","₦10,000,000
per annum",,"Please provide the content you would like me to rewrite and SEO-optimize.  I need the text to be able to help you.  Once you provide the text, I will rewrite it with detailed information and proper HTML tags (excluding `<head>`, `<body>`, and `<meta>` tags as requested).
",2,2,3,2,none,none,https://images.nigeriapropertycentre.com/properties/images/2677179/067913d8db5396-2-for-rent-lekki-phase-1-lekki-lagos.jpg | https://images.nigeriapropertycentre.com/properties/images/2677179/067913d76ae0fb-2-for-rent-lekki-phase-1-lekki-lagos.jpg | https://images.nigeriapropertycentre.com/properties/images/2677179/067913d7878468-2-for-rent-lekki-phase-1-lekki-lagos.jpg | https://images.nigeriapropertycentre.com/properties/images/2677179/067913d79e5348-2-for-rent-lekki-phase-1-lekki-lagos.jpg | https://images.nigeriapropertycentre.com/properties/images/2677179/067913d7b6d8c8-2-for-rent-lekki-phase-1-lekki-lagos.jpg | https://images.nigeriapropertycentre.com/properties/images/2677179/067913d7d4800d-2-for-rent-lekki-phase-1-lekki-lagos.jpg | https://images.nigeriapropertycentre.com/properties/images/2677179/067913d7f8ba96-2-for-rent-lekki-phase-1-lekki-lagos.jpg | https://images.nigeriapropertycentre.com/properties/images/2677179/067913d814f804-2-for-rent-lekki-phase-1-lekki-lagos.jpg | https://images.nigeriapropertycentre.com/properties/images/2677179/067913d82e21bc-2-for-rent-lekki-phase-1-lekki-lagos.jpg | https://images.nigeriapropertycentre.com/properties/images/2677179/067913d8469aab-2-for-rent-lekki-phase-1-lekki-lagos.jpg | https://images.nigeriapropertycentre.com/properties/images/2677179/067913d8616657-2-for-rent-lekki-phase-1-lekki-lagos.jpg | https://images.nigeriapropertycentre.com/properties/images/2677179/067913d876b7d2-2-for-rent-lekki-phase-1-lekki-lagos.jpg | https://images.nigeriapropertycentre.com/properties/images/2677179/067913d88cc888-2-for-rent-lekki-phase-1-lekki-lagos.jpg | https://images.nigeriapropertycentre.com/properties/images/2677179/067913d8aa788c-2-for-rent-lekki-phase-1-lekki-lagos.jpg | https://images.nigeriapropertycentre.com/properties/images/2677179/067913d8c18adb-2-for-rent-lekki-phase-1-lekki-lagos.jpg | https://images.nigeriapropertycentre.com/properties/images/2677179/067913d8db5396-2-for-rent-lekki-phase-1-lekki-lagos.jpg | https://images.nigeriapropertycentre.com/properties/images/2677179/067913d76ae0fb-2-for-rent-lekki-phase-1-lekki-lagos.jpg
https://nigeriapropertycentre.com/for-rent/flats-apartments/lagos/lekki/idado/2677174-three-bedroom-terrace-duplex,3 bedroom flat / apartment for rent, 09127592658," Idado, Lekki, Lagos","₦5,000,000
per annum","Rent Alert

Three Bedroom Duplex

Location: idado Lekki


Rent: 5 Million

Agency: 10%

Legal: 10%

Caution: 10%

Service charge :1m

Inspection fees 10k","<h1>Luxury Three-Bedroom Duplex in Ilado Lekki - Rent Alert!</h1>

<p>Find your dream home in the upscale neighborhood of Ilado, Lekki! This stunning three-bedroom duplex offers spacious living and a prime location.  Don't miss this incredible opportunity.</p>

<h2>Property Highlights:</h2>

<ul>
  <li><strong>Bedrooms:</strong> 3</li>
  <li><strong>Bathrooms:</strong> (Number of bathrooms should be added here)</li>
  <li><strong>Location:</strong> Ilado, Lekki (Consider adding more specific location details like street name or proximity to landmarks)</li>
  <li><strong>Type:</strong> Duplex</li>
  <li><strong>Features:</strong> (Add details about features here. Examples:  Modern kitchen, ample parking, swimming pool, security system, etc.)</li>
</ul>

<h2>Financial Details:</h2>

<table border=""1"">
  <tr>
    <th>Fee</th>
    <th>Amount (NGN)</th>
  </tr>
  <tr>
    <td>Rent</td>
    <td>5,000,000</td>
  </tr>
  <tr>
    <td>Agency Fee (10%)</td>
    <td>500,000</td>
  </tr>
  <tr>
    <td>Legal Fees (10%)</td>
    <td>500,000</td>
  </tr>
  <tr>
    <td>Caution Fee (10%)</td>
    <td>500,000</td>
  </tr>
  <tr>
    <td>Service Charge</td>
    <td>1,000,000</td>
  </tr>
  <tr>
    <td>Inspection Fee</td>
    <td>10,000</td>
  </tr>
  <tr>
    <td><strong>Total:</strong></td>
    <td><strong>7,010,000</strong></td>
  </tr>
</table>

<p><strong>Note:</strong>  Total cost is an estimate and may be subject to change. Please confirm all fees with the agency before proceeding.</p>


<h2>Contact Information:</h2>

<p>(Add contact details here: Phone number, email address, and/or agency name and website if applicable)</p>


<p><strong>Disclaimer:</strong> This listing is for informational purposes only.  All information provided is deemed accurate but not guaranteed.  Potential tenants are advised to conduct their own due diligence before committing to a rental agreement.</p>

<p><strong>Keywords:</strong>  Lekki, Ilado, 3 bedroom duplex, luxury apartment, for rent, Nigeria, real estate, property for rent,  (Add more relevant keywords)</p>
",3,3,3,3,none,none,https://images.nigeriapropertycentre.com/properties/images/2677174/067913cbc43da7-three-bedroom-terrace-duplex-for-rent-idado-lekki-lagos.jpeg | https://images.nigeriapropertycentre.com/properties/images/2677174/067913c6b6badc-three-bedroom-terrace-duplex-for-rent-idado-lekki-lagos.jpeg | https://images.nigeriapropertycentre.com/properties/images/2677174/067913c6ea61d3-three-bedroom-terrace-duplex-for-rent-idado-lekki-lagos.jpeg | https://images.nigeriapropertycentre.com/properties/images/2677174/067913c7a7c0f8-three-bedroom-terrace-duplex-for-rent-idado-lekki-lagos.jpeg | https://images.nigeriapropertycentre.com/properties/images/2677174/067913c9ec770a-three-bedroom-terrace-duplex-for-rent-idado-lekki-lagos.jpeg | https://images.nigeriapropertycentre.com/properties/images/2677174/067913ca109670-three-bedroom-terrace-duplex-for-rent-idado-lekki-lagos.jpeg | https://images.nigeriapropertycentre.com/properties/images/2677174/067913ca2d9b9f-three-bedroom-terrace-duplex-for-rent-idado-lekki-lagos.jpeg | https://images.nigeriapropertycentre.com/properties/images/2677174/067913ca80dfc5-three-bedroom-terrace-duplex-for-rent-idado-lekki-lagos.jpeg | https://images.nigeriapropertycentre.com/properties/images/2677174/067913cb2d02b2-three-bedroom-terrace-duplex-for-rent-idado-lekki-lagos.jpeg | https://images.nigeriapropertycentre.com/properties/images/2677174/067913cb497bb1-three-bedroom-terrace-duplex-for-rent-idado-lekki-lagos.jpeg | https://images.nigeriapropertycentre.com/properties/images/2677174/067913cb932850-three-bedroom-terrace-duplex-for-rent-idado-lekki-lagos.jpeg | https://images.nigeriapropertycentre.com/properties/images/2677174/067913cbc43da7-three-bedroom-terrace-duplex-for-rent-idado-lekki-lagos.jpeg | https://images.nigeriapropertycentre.com/properties/images/2677174/067913c6b6badc-three-bedroom-terrace-duplex-for-rent-idado-lekki-lagos.jpeg
https://nigeriapropertycentre.com/for-rent/houses/lagos/ketu/2677173-newly-built-2bedroom-duplex,2 bedroom house for rent, 07011488519," Ketu, Lagos","₦2,200,000
per annum",4 in a compound,"<h1>Understanding 4-in-1 Compounds: A Detailed Guide</h1>

<p>The term ""4-in-1 compound"" is a broad term, typically referring to products that combine four distinct functionalities or ingredients into a single formulation.  The specific components and applications vary drastically depending on the context. This guide will explore different interpretations of ""4-in-1"" and provide examples across various industries.</p>

<h2>Common Interpretations of ""4-in-1"" Compounds</h2>

<p>The meaning of ""4-in-1"" heavily relies on its context.  Here are some common interpretations:</p>

<h3>1. Multi-functional Cleaning Products:</h3>

<p>In the cleaning industry, a 4-in-1 cleaner might combine capabilities such as:</p>
<ul>
    <li><strong>Cleaning:</strong> Removing dirt and grime.</li>
    <li><strong>Degreasing:</strong> Dissolving oily substances.</li>
    <li><strong>Disinfecting:</strong> Killing bacteria and viruses.</li>
    <li><strong>Polishing:</strong> Leaving a shiny, streak-free finish.</li>
</ul>
<p>These products are popular for their convenience and cost-effectiveness, offering a single solution for multiple cleaning tasks.</p>

<h3>2. Multi-purpose Lubricants:</h3>

<p>Similarly, in the automotive and industrial sectors, a 4-in-1 lubricant might incorporate:</p>
<ul>
    <li><strong>Lubrication:</strong> Reducing friction and wear.</li>
    <li><strong>Corrosion protection:</strong> Preventing rust and oxidation.</li>
    <li><strong>Water displacement:</strong> Repelling moisture to prevent damage.</li>
    <li><strong>Penetration:</strong>  Easing the movement of stuck or jammed parts.</li>
</ul>
<p>This saves users from needing multiple specialized lubricants for different applications.</p>

<h3>3. Pharmaceutical and Nutritional Compounds:</h3>

<p>In the pharmaceutical and nutritional fields, ""4-in-1"" might refer to a supplement containing four different active ingredients designed to address specific health concerns. For example, a multivitamin might combine four key vitamins or a muscle recovery supplement might combine protein, creatine, glutamine, and branched-chain amino acids (BCAAs).</p>
<p><em>It is crucial to note that using such compounds requires understanding the interactions of these ingredients and consulting a healthcare professional for personalized advice.</em></p>

<h3>4.  Other Applications:</h3>

<p>The term ""4-in-1"" can be applied to a wider range of products. This could include things like 4-in-1 printer cartridges (combining black, cyan, magenta, and yellow inks), 4-in-1 composters (aerobic, anaerobic, vermicomposting, and bokashi), or other combinations of functionalities depending on the specific product.</p>

<h2>Choosing the Right 4-in-1 Compound</h2>

<p>When selecting a 4-in-1 product, carefully consider the following factors:</p>
<ul>
    <li><strong>Specific needs:</strong> Identify the exact functionalities required.</li>
    <li><strong>Ingredient quality:</strong>  Check the composition and ensure it meets your standards.</li>
    <li><strong>Safety:</strong> Follow all safety instructions and precautions provided by the manufacturer.</li>
    <li><strong>Reviews and reputation:</strong> Research the brand and product before purchase.</li>
</ul>

<p>The term ""4-in-1"" offers convenience and efficiency, but it's vital to understand the specific composition and applications to ensure it meets your individual needs.</p>
",2,3,3,2,none,none,https://images.nigeriapropertycentre.com/properties/images/2677173/067913cb31cffb-newly-built-2bedroom-duplex-for-rent-ketu-lagos.jpg | https://images.nigeriapropertycentre.com/properties/images/2677173/067913c49efd94-newly-built-2bedroom-duplex-for-rent-ketu-lagos.jpg | https://images.nigeriapropertycentre.com/properties/images/2677173/067913c6be9c03-newly-built-2bedroom-duplex-for-rent-ketu-lagos.jpg | https://images.nigeriapropertycentre.com/properties/images/2677173/067913c84c8bab-newly-built-2bedroom-duplex-for-rent-ketu-lagos.jpg | https://images.nigeriapropertycentre.com/properties/images/2677173/067913cad54319-newly-built-2bedroom-duplex-for-rent-ketu-lagos.jpg | https://images.nigeriapropertycentre.com/properties/images/2677173/067913caf34714-newly-built-2bedroom-duplex-for-rent-ketu-lagos.jpg | https://images.nigeriapropertycentre.com/properties/images/2677173/067913cb1273eb-newly-built-2bedroom-duplex-for-rent-ketu-lagos.jpg | https://images.nigeriapropertycentre.com/properties/images/2677173/067913cb31cffb-newly-built-2bedroom-duplex-for-rent-ketu-lagos.jpg | https://images.nigeriapropertycentre.com/properties/images/2677173/067913c49efd94-newly-built-2bedroom-duplex-for-rent-ketu-lagos.jpg
https://nigeriapropertycentre.com/for-rent/flats-apartments/lagos/lekki/osapa/2677171-3bedroom-apartment-with-bq,3 bedroom flat / apartment for rent, 08169471958," Osapa London, Osapa, Lekki, Lagos","₦4,000,000
per annum","For Rent
3Bedroom Apartment withBq
Location: Osapa London
Price:4m
Legal:10%
Caution:10%
Agency:10%","<h1>Luxury 3-Bedroom Apartment for Rent in Osapa London</h1>

<p>This stunning 3-bedroom apartment, complete with a BQ (Boys' Quarters), is now available for rent in the prestigious Osapa London area.  Enjoy sophisticated living in a prime location, offering convenient access to a range of amenities and services.</p>

<h2>Key Features:</h2>
<ul>
  <li><strong>Spacious 3 Bedrooms:</strong> Ample space for comfortable living and relaxation.</li>
  <li><strong>Modern BQ (Boys' Quarters):</strong>  Provides additional living space, perfect for a guest room, home office, or staff quarters.</li>
  <li><strong>Prime Osapa London Location:</strong> Enjoy the upscale lifestyle and convenience of this sought-after neighborhood.</li>
  <li><strong>[Add other features here, e.g.,  ""Fully fitted kitchen,"" ""En-suite bathrooms,"" ""Balcony/Terrace,"" ""Swimming pool (if applicable)"", ""Gym (if applicable)"", ""24/7 security,"" ""Parking""]</strong></li>
</ul>

<h2>Rental Details:</h2>
<ul>
  <li><strong>Rent:</strong> ₦4,000,000 (Four Million Naira)</li>
  <li><strong>Legal Fees:</strong> 10% of annual rent (₦400,000)</li>
  <li><strong>Caution Fee:</strong> 10% of annual rent (₦400,000)</li>
  <li><strong>Agency Fee:</strong> 10% of annual rent (₦400,000)</li>
</ul>

<p><strong>Total upfront payment required: ₦1,200,000</strong> (This includes rent, legal fees, caution fee, and agency fee)</p>


<h2>Contact Us:</h2>
<p>To schedule a viewing or for more information, please contact us at [Insert Phone Number] or [Insert Email Address].</p>

<p><em>Note:  All figures are in Nigerian Naira (₦).  Prices and availability are subject to change.</em></p>


<h2>About Osapa London:</h2>
<p>[Add a brief description of Osapa London highlighting its desirable features, such as proximity to key areas, amenities, schools, etc.  This section helps with SEO by targeting location-based searches.]</p>
",3,3,4,2,500,none,https://images.nigeriapropertycentre.com/properties/images/2677171/067913c07a1ba8-3bedroom-apartment-with-bq-for-rent-osapa-lekki-lagos.jpeg | https://images.nigeriapropertycentre.com/properties/images/2677171/067913bf1dce27-3bedroom-apartment-with-bq-for-rent-osapa-lekki-lagos.jpeg | https://images.nigeriapropertycentre.com/properties/images/2677171/067913bf40ce45-3bedroom-apartment-with-bq-for-rent-osapa-lekki-lagos.jpeg | https://images.nigeriapropertycentre.com/properties/images/2677171/067913bf63e392-3bedroom-apartment-with-bq-for-rent-osapa-lekki-lagos.jpeg | https://images.nigeriapropertycentre.com/properties/images/2677171/067913bf7d22eb-3bedroom-apartment-with-bq-for-rent-osapa-lekki-lagos.jpeg | https://images.nigeriapropertycentre.com/properties/images/2677171/067913bf986f22-3bedroom-apartment-with-bq-for-rent-osapa-lekki-lagos.jpeg | https://images.nigeriapropertycentre.com/properties/images/2677171/067913bfb11ace-3bedroom-apartment-with-bq-for-rent-osapa-lekki-lagos.jpeg | https://images.nigeriapropertycentre.com/properties/images/2677171/067913bfcd6a13-3bedroom-apartment-with-bq-for-rent-osapa-lekki-lagos.jpeg | https://images.nigeriapropertycentre.com/properties/images/2677171/067913bfecd6e9-3bedroom-apartment-with-bq-for-rent-osapa-lekki-lagos.jpeg | https://images.nigeriapropertycentre.com/properties/images/2677171/067913c00893a0-3bedroom-apartment-with-bq-for-rent-osapa-lekki-lagos.jpeg | https://images.nigeriapropertycentre.com/properties/images/2677171/067913c020b686-3bedroom-apartment-with-bq-for-rent-osapa-lekki-lagos.jpeg | https://images.nigeriapropertycentre.com/properties/images/2677171/067913c0355eea-3bedroom-apartment-with-bq-for-rent-osapa-lekki-lagos.jpeg | https://images.nigeriapropertycentre.com/properties/images/2677171/067913c04eba86-3bedroom-apartment-with-bq-for-rent-osapa-lekki-lagos.jpeg | https://images.nigeriapropertycentre.com/properties/images/2677171/067913c065e4b7-3bedroom-apartment-with-bq-for-rent-osapa-lekki-lagos.jpeg | https://images.nigeriapropertycentre.com/properties/images/2677171/067913c07a1ba8-3bedroom-apartment-with-bq-for-rent-osapa-lekki-lagos.jpeg | https://images.nigeriapropertycentre.com/properties/images/2677171/067913bf1dce27-3bedroom-apartment-with-bq-for-rent-osapa-lekki-lagos.jpeg
https://nigeriapropertycentre.com/for-rent/flats-apartments/lagos/lekki/idado/2677170-one-bedroom-apartment,1 bedroom flat / apartment for rent, 09127592658," Idado, Lekki, Lagos","₦2,000,000
per annum","Rent Alert

One Bedroom Apartment

Location: idado Lekki


Rent: 2 Million

Agency: 10%

Legal: 10%

Caution: 10%

Sc :500k

Inspection fees 10k","<h1>Luxury One-Bedroom Apartment for Rent in Lekki, Lagos</h1>

<p>Find your dream home in the vibrant Lekki district of Lagos! This stunning one-bedroom apartment offers modern living and a prime location.  Below are the detailed costs associated with renting this property.</p>

<h2>Property Details:</h2>

<ul>
  <li><strong>Location:</strong>  Ikate Lekki, Lagos (Please note the precise address will be provided upon inquiry to protect the tenant's privacy.)</li>
  <li><strong>Apartment Type:</strong> One-Bedroom Apartment</li>
  <li><strong>Features:</strong>  [<em>Add a detailed description of apartment features here.  Examples: Modern kitchen, spacious living area, ensuite bathroom, balcony, parking, swimming pool access (if applicable), air conditioning, etc.  Be specific and use keywords.</em>]</li>
</ul>

<h2>Financial Breakdown:</h2>

<table style=""width:100%;"">
  <tr>
    <th>Cost Item</th>
    <th>Amount (NGN)</th>
  </tr>
  <tr>
    <td><strong>Annual Rent</strong></td>
    <td>2,000,000</td>
  </tr>
  <tr>
    <td><strong>Agency Fee (10%)</strong></td>
    <td>200,000</td>
  </tr>
  <tr>
    <td><strong>Legal Fee (10%)</strong></td>
    <td>200,000</td>
  </tr>
  <tr>
    <td><strong>Caution Fee (10%)</strong></td>
    <td>200,000</td>
  </tr>
  <tr>
    <td><strong>Service Charge (SC)</strong></td>
    <td>500,000</td>
  </tr>
  <tr>
    <td><strong>Inspection Fee</strong></td>
    <td>10,000</td>
  </tr>
  <tr>
    <td><strong>Total Payment Due</strong></td>
    <td>2,110,000</td>
  </tr>
</table>

<p><em>Note:  All amounts are in Nigerian Naira (NGN).  The total payment due includes all applicable fees and charges.  Contact us for further clarification.</em></p>

<h2>Contact Us:</h2>

<p>To schedule a viewing or for further inquiries, please contact us via [<em>Phone Number</em>] or [<em>Email Address</em>].</p>


<p><em>Keywords:  Lekki apartment for rent, one bedroom apartment Lekki, Lagos apartments, luxury apartment Lekki, apartment rental Lagos, Ikate Lekki,  affordable apartment Lekki</em></p>
",1,1,2,1,none,none,https://images.nigeriapropertycentre.com/properties/images/2677170/067913bd3be001-one-bedroom-apartment-for-rent-idado-lekki-lagos.jpeg | https://images.nigeriapropertycentre.com/properties/images/2677170/067913ba1dd27d-one-bedroom-apartment-for-rent-idado-lekki-lagos.jpeg | https://images.nigeriapropertycentre.com/properties/images/2677170/067913ba419dd5-one-bedroom-apartment-for-rent-idado-lekki-lagos.jpeg | https://images.nigeriapropertycentre.com/properties/images/2677170/067913ba745974-one-bedroom-apartment-for-rent-idado-lekki-lagos.jpeg | https://images.nigeriapropertycentre.com/properties/images/2677170/067913ba98e3d0-one-bedroom-apartment-for-rent-idado-lekki-lagos.jpeg | https://images.nigeriapropertycentre.com/properties/images/2677170/067913bb300f94-one-bedroom-apartment-for-rent-idado-lekki-lagos.jpeg | https://images.nigeriapropertycentre.com/properties/images/2677170/067913bb482cae-one-bedroom-apartment-for-rent-idado-lekki-lagos.jpeg | https://images.nigeriapropertycentre.com/properties/images/2677170/067913bb65cd0a-one-bedroom-apartment-for-rent-idado-lekki-lagos.jpeg | https://images.nigeriapropertycentre.com/properties/images/2677170/067913bb83190a-one-bedroom-apartment-for-rent-idado-lekki-lagos.jpeg | https://images.nigeriapropertycentre.com/properties/images/2677170/067913bba9b417-one-bedroom-apartment-for-rent-idado-lekki-lagos.jpeg | https://images.nigeriapropertycentre.com/properties/images/2677170/067913bd3be001-one-bedroom-apartment-for-rent-idado-lekki-lagos.jpeg | https://images.nigeriapropertycentre.com/properties/images/2677170/067913ba1dd27d-one-bedroom-apartment-for-rent-idado-lekki-lagos.jpeg
https://nigeriapropertycentre.com/for-rent/flats-apartments/lagos/lekki/ikota/2677168-2bedroom-apartment,2 bedroom flat / apartment for rent, 08169471958," Ikota Gra, Ikota, Lekki, Lagos","₦3,000,000
per annum","For Rent
2Bedroom Apartment
Location: Ikota Gra
Price: 3M
Legal:10%
Caution:10%
Agency:10%","<h1>Luxury 2-Bedroom Apartment for Rent in Ikota Gra</h1>

<p>Find your dream home in the desirable Ikota Gra neighborhood! This spacious and elegantly designed 2-bedroom apartment is now available for rent.  Enjoy comfortable living in a prime location with easy access to amenities and key transport links.</p>

<h2>Key Features:</h2>

<ul>
  <li><strong>Bedrooms:</strong> 2 generously sized bedrooms offering ample space and comfort.</li>
  <li><strong>Location:</strong> Ikota Gra – a prestigious and sought-after area known for its serene environment and convenient access to various facilities.</li>
  <li><strong>Modern Amenities:</strong> [<em>Insert details about amenities here, e.g.,  modern kitchen, ensuite bathrooms, fitted wardrobes, balcony, swimming pool access, parking, security etc.  Be as specific as possible.  If no amenities are available, remove this bullet point.</em>]</li>
</ul>

<h2>Rental Details:</h2>

<ul>
  <li><strong>Rent:</strong> ₦3,000,000 (Three Million Naira) per annum.  [<em>Specify whether this is yearly or monthly.  If monthly, state clearly.</em>]</li>
  <li><strong>Legal Fees:</strong> 10% of the annual rent.</li>
  <li><strong>Caution Fee:</strong> 10% of the annual rent.</li>
  <li><strong>Agency Fee:</strong> 10% of the annual rent.</li>
</ul>

<h2>Contact Us:</h2>

<p>For inquiries and viewing arrangements, please contact us at [<em>Insert Phone Number</em>] or [<em>Insert Email Address</em>].</p>

<h2>Why Choose Ikota Gra?</h2>

<p>[<em>Add a paragraph highlighting the benefits of living in Ikota Gra, e.g., proximity to schools, hospitals, shopping malls, recreational areas etc.</em>]</p>

<h2>Apartment Details (Optional):</h2>

<p>[<em>Add further detail if available, such as square footage, number of bathrooms, parking spaces, available appliances, etc.  Use bullet points for easy readability.</em>]</p>
",2,2,3,2,500,none,https://images.nigeriapropertycentre.com/properties/images/2677168/067913ae4c257f-2bedroom-apartment-for-rent-ikota-lekki-lagos.jpeg | https://images.nigeriapropertycentre.com/properties/images/2677168/067913ad110a95-2bedroom-apartment-for-rent-ikota-lekki-lagos.jpeg | https://images.nigeriapropertycentre.com/properties/images/2677168/067913ad370e40-2bedroom-apartment-for-rent-ikota-lekki-lagos.jpeg | https://images.nigeriapropertycentre.com/properties/images/2677168/067913ad55328f-2bedroom-apartment-for-rent-ikota-lekki-lagos.jpeg | https://images.nigeriapropertycentre.com/properties/images/2677168/067913ad6e6458-2bedroom-apartment-for-rent-ikota-lekki-lagos.jpeg | https://images.nigeriapropertycentre.com/properties/images/2677168/067913ad89232a-2bedroom-apartment-for-rent-ikota-lekki-lagos.jpeg | https://images.nigeriapropertycentre.com/properties/images/2677168/067913ada5d2b4-2bedroom-apartment-for-rent-ikota-lekki-lagos.jpeg | https://images.nigeriapropertycentre.com/properties/images/2677168/067913adc6f60a-2bedroom-apartment-for-rent-ikota-lekki-lagos.jpeg | https://images.nigeriapropertycentre.com/properties/images/2677168/067913ade30f09-2bedroom-apartment-for-rent-ikota-lekki-lagos.jpeg | https://images.nigeriapropertycentre.com/properties/images/2677168/067913ae0425f4-2bedroom-apartment-for-rent-ikota-lekki-lagos.jpeg | https://images.nigeriapropertycentre.com/properties/images/2677168/067913ae1e380d-2bedroom-apartment-for-rent-ikota-lekki-lagos.jpeg | https://images.nigeriapropertycentre.com/properties/images/2677168/067913ae4c257f-2bedroom-apartment-for-rent-ikota-lekki-lagos.jpeg | https://images.nigeriapropertycentre.com/properties/images/2677168/067913ad110a95-2bedroom-apartment-for-rent-ikota-lekki-lagos.jpeg
https://nigeriapropertycentre.com/for-rent/flats-apartments/lagos/lekki/ikate/2677166-three-bedroom-aparment,3 bedroom flat / apartment for rent, 09127592658," Ikate, Lekki, Lagos","₦6,500,000
per annum","Rent Alert

Three Bedroom APARTMENT

Location: ikate Lekki


Rent: 6.5 Million

Agency: 10%

Legal: 10%

Caution: 10%

Service charge 540k

Inspection fees 10k","<h1>Luxury 3-Bedroom Apartment for Rent in Ikate Lekki</h1>

<p>Find your dream home in the upscale neighborhood of Ikate Lekki! This stunning three-bedroom apartment offers luxurious living and a prime location.  Enjoy easy access to key amenities and a vibrant lifestyle.</p>

<h2>Property Details:</h2>

<ul>
  <li><strong>Bedrooms:</strong> 3</li>
  <li><strong>Location:</strong> Ikate Lekki, Lagos</li>
  <li><strong>Rent:</strong> ₦6,500,000 (Six Million, Five Hundred Thousand Naira)</li>
</ul>

<h2>Cost Breakdown:</h2>

<p>In addition to the rent, please note the following associated costs:</p>

<ul>
  <li><strong>Agency Fee:</strong> 10% of the annual rent (₦650,000)</li>
  <li><strong>Legal Fee:</strong> 10% of the annual rent (₦650,000)</li>
  <li><strong>Caution Fee:</strong> 10% of the annual rent (₦650,000)</li>
  <li><strong>Service Charge:</strong> ₦540,000 (Five Hundred and Forty Thousand Naira)</li>
  <li><strong>Inspection Fee:</strong> ₦10,000 (Ten Thousand Naira)</li>
</ul>

<h2>Total Estimated Cost:</h2>

<p>The total estimated cost to move in is ₦9,960,000 (Nine Million, Nine Hundred and Sixty Thousand Naira).  This includes rent, agency, legal, caution fees, service charge, and inspection fee.</p>


<h2>Contact Us:</h2>

<p>For inquiries and to schedule a viewing, please contact us. [Insert Contact Information Here]</p>

<h2>Ikate Lekki: A Prime Location</h2>

<p>Ikate Lekki is known for its serene environment, excellent security, and proximity to major commercial hubs, schools, and recreational facilities. Residents enjoy a high quality of life with easy access to [mention specific landmarks or amenities – e.g., supermarkets, hospitals, transport links].</p>


<h2>Apartment Features: [Add details about the apartment features here – e.g., size, amenities, parking, etc.]</h2>

<p>This section should highlight key selling points of the apartment to attract potential renters. Consider including details such as:</p>
<ul>
    <li>Size of the apartment (square footage)</li>
    <li>Number of bathrooms</li>
    <li>Modern appliances</li>
    <li>Parking spaces</li>
    <li>Balcony or terrace</li>
    <li>Security features</li>
    <li>Furnishing (furnished or unfurnished)</li>
</ul>

<p>  [Insert High-quality images of the apartment here]</p>
",3,3,4,3,none,none,https://images.nigeriapropertycentre.com/properties/images/2677166/067913ac00a69b-three-bedroom-aparment-for-rent-ikate-lekki-lagos.jpeg | https://images.nigeriapropertycentre.com/properties/images/2677166/067913a72e2a7e-three-bedroom-aparment-for-rent-ikate-lekki-lagos.jpeg | https://images.nigeriapropertycentre.com/properties/images/2677166/067913a762288a-three-bedroom-aparment-for-rent-ikate-lekki-lagos.jpeg | https://images.nigeriapropertycentre.com/properties/images/2677166/067913a82b5bcb-three-bedroom-aparment-for-rent-ikate-lekki-lagos.jpeg | https://images.nigeriapropertycentre.com/properties/images/2677166/067913a8fabf5e-three-bedroom-aparment-for-rent-ikate-lekki-lagos.jpeg | https://images.nigeriapropertycentre.com/properties/images/2677166/067913abc27152-three-bedroom-aparment-for-rent-ikate-lekki-lagos.jpeg | https://images.nigeriapropertycentre.com/properties/images/2677166/067913abdb8834-three-bedroom-aparment-for-rent-ikate-lekki-lagos.jpeg | https://images.nigeriapropertycentre.com/properties/images/2677166/067913ac00a69b-three-bedroom-aparment-for-rent-ikate-lekki-lagos.jpeg | https://images.nigeriapropertycentre.com/properties/images/2677166/067913a72e2a7e-three-bedroom-aparment-for-rent-ikate-lekki-lagos.jpeg
https://nigeriapropertycentre.com/for-rent/houses/semi-detached-duplexes/lagos/lekki/ikota/2677157-4bedroom,4 bedroom semi-detached duplex for rent, +2349131126318," Ikota, Lekki, Lagos","₦8,000,000
per annum","FOR RENT

Beautiful 4 bedroom semi detached duplex in a serene & secure estate.

Ikota , Lekki

Amenities:

- ⁠One boy's quarter
- ⁠Well finished
- Fully fitted kitchen
- ⁠Microwave & Oven
- Premium location
- ⁠in a secure estate
- Ample car parking

Rent: N8Million
Agency: 10%
Legal: 10%
Caution:10%","<h1>Luxury 4-Bedroom Semi-Detached Duplex for Rent in Ikota, Lekki</h1>

<p>Experience upscale living in this stunning 4-bedroom semi-detached duplex, nestled within a serene and secure estate in the prestigious Ikota area of Lekki. This beautifully finished property offers a blend of comfort, style, and security, making it the perfect home for discerning individuals and families.</p>

<h2>Exceptional Features & Amenities</h2>

<ul>
  <li><strong>Spacious 4 Bedrooms:</strong>  Enjoy ample living space with four generously sized bedrooms, ideal for a growing family or comfortable multi-generational living.</li>
  <li><strong>Modern Fully Fitted Kitchen:</strong> Prepare delicious meals in a state-of-the-art kitchen, complete with built-in appliances.</li>
  <li><strong>Microwave & Oven Included:</strong> Convenience at your fingertips with a built-in microwave and oven.</li>
  <li><strong>Separate Boy's Quarter:</strong>  Provides additional accommodation for staff or guests.</li>
  <li><strong>Ample Car Parking:</strong>  Enjoy the convenience of ample parking space for your vehicles.</li>
  <li><strong>Premium Location in Secure Estate:</strong>  Benefit from the peace of mind offered by residing in a secure, gated estate with 24/7 security and controlled access.</li>
  <li><strong>High-Quality Finishes:</strong> The property boasts superior finishes and attention to detail throughout.</li>
</ul>


<h2>Rental Details</h2>

<p><strong>Rent:</strong> ₦8,000,000 (Eight Million Naira)</p>
<p><strong>Agency Fee:</strong> 10% of the annual rent (₦800,000)</p>
<p><strong>Legal Fee:</strong> 10% of the annual rent (₦800,000)</p>
<p><strong>Caution Fee:</strong> 10% of the annual rent (₦800,000)</p>

<p><strong>Total Move-In Cost:</strong> ₦10,400,000</p>

<p><em>Note:  All fees are payable in Naira.  Contact us today to schedule a viewing.</em></p>

<h2>Contact Us</h2>

<p>For inquiries and scheduling viewings, please contact [Insert Contact Information Here – phone number, email address].</p>

<p><em>Don't miss this opportunity to secure your dream home in one of Lekki's most sought-after locations.</em></p>
",4,4,4,2,none,none,https://images.nigeriapropertycentre.com/properties/images/2677157/06791385ca3618-4bedroom-semi-detached-duplexes-for-rent-ikota-lekki-lagos.jpg | https://images.nigeriapropertycentre.com/properties/images/2677157/0679138596f1fd-4bedroom-semi-detached-duplexes-for-rent-ikota-lekki-lagos.jpg | https://images.nigeriapropertycentre.com/properties/images/2677157/06791384e86ae6-4bedroom-semi-detached-duplexes-for-rent-ikota-lekki-lagos.jpg | https://images.nigeriapropertycentre.com/properties/images/2677157/067913854c8b6d-4bedroom-semi-detached-duplexes-for-rent-ikota-lekki-lagos.jpg | https://images.nigeriapropertycentre.com/properties/images/2677157/06791385001a90-4bedroom-semi-detached-duplexes-for-rent-ikota-lekki-lagos.jpg | https://images.nigeriapropertycentre.com/properties/images/2677157/067913851a0ede-4bedroom-semi-detached-duplexes-for-rent-ikota-lekki-lagos.jpg | https://images.nigeriapropertycentre.com/properties/images/2677157/0679138533ee1d-4bedroom-semi-detached-duplexes-for-rent-ikota-lekki-lagos.jpg | https://images.nigeriapropertycentre.com/properties/images/2677157/0679138564339f-4bedroom-semi-detached-duplexes-for-rent-ikota-lekki-lagos.jpg | https://images.nigeriapropertycentre.com/properties/images/2677157/067913857ab24f-4bedroom-semi-detached-duplexes-for-rent-ikota-lekki-lagos.jpg | https://images.nigeriapropertycentre.com/properties/images/2677157/06791385b1364b-4bedroom-semi-detached-duplexes-for-rent-ikota-lekki-lagos.jpg | https://images.nigeriapropertycentre.com/properties/images/2677157/06791385ca3618-4bedroom-semi-detached-duplexes-for-rent-ikota-lekki-lagos.jpg | https://images.nigeriapropertycentre.com/properties/images/2677157/0679138596f1fd-4bedroom-semi-detached-duplexes-for-rent-ikota-lekki-lagos.jpg
